sample_size,experiment_id,coeff_0,coeff_1,coeff_2,coeff_3,coeff_4,coeff_5,coeff_6,coeff_7,coeff_8,coeff_9,coeff_10
5,0,5.375094869392715e+20,-1.6184603032076534e+19,9.929199158064254e+16,579010965224591.6,-1256380534052.4448,-28958285661.13262,-168713581.28270352,-182529.33952939018,7270.20395067407,104.35112815717959,1.0052155238019391
5,1,3.351970194886328e+21,-6.589698625910568e+19,1.2277327046428517e+17,2047305265368512.5,5481510738026.084,-28399609178.19821,-353427441.70396686,-1553280.1682625418,2228.7162151024045,108.85847828902753,1.2534755451841584
5,2,6.897261391541755e+18,-1.0762334692226652e+18,4.341225456948258e+16,-83892561511090.27,-2123019673835.0244,-13798683391.148277,-34973106.60694324,386154.3750800008,7668.417919805217,88.54563626573886,0.849025851495052
5,3,3.0185723484830956e+18,-5.3368409585782746e+17,2.1243252682802756e+16,-155045725416829.56,-1731429918736.5178,-8006721792.221033,2336233.054193791,521629.2575402017,7559.424896112904,82.12654088230299,0.790759835745446
5,4,3.8952574546424865e+19,-9.175651325890823e+18,3.828902766602828e+17,-1071534528250561.6,-12309152309210.766,-48191980936.44967,-20919930.75752629,1375617.9657933742,14874.563268959382,113.39790447349384,0.7467127756804809
5,5,8.572834995082607e+19,-8.875384348271101e+18,2.355280167945956e+17,-372095556508954.56,-7597949185405.063,-38982480114.39953,-72892876.31225294,772692.3614310038,11787.754071295254,108.51916657710491,0.8368481308601942
5,6,-7.976367619533467e+19,2.703269581858818e+18,2981253856536902.5,-170924267844111.5,-2044997486343.1833,-11129288484.59687,31533849.45777866,1514217.1176124692,19334.855942936665,122.47339752018354,-0.7736763551684269
5,7,2.407568434623408e+20,-6.995688271335183e+18,3.765644703849044e+16,322605017706178.5,-309933453599.75745,-16681898709.76008,-120114261.71100228,-217132.37653846593,5562.081717050552,94.4452849419019,1.025239746149853
5,8,1.2586501815806994e+20,-1.354061975245508e+19,3.033606886174675e+17,-1084761196999772.1,-11140920505837.443,-40912639573.13673,-3073511.1810703,1319335.9180913952,14140.015520221223,111.08001952164767,0.7669857513850806
5,9,4.562691745549849e+20,-1.9487331986066153e+19,2.0326834948398982e+17,391588295000575.44,-5104218685588.493,-42909681854.20508,-141981326.93241036,432843.49947813514,11019.534556543982,110.93174661003248,0.8745865837882675
5,10,3.8584901340775796e+20,-6.647536742853857e+19,5.29199581058423e+17,2172054659588392.2,-940045286603.2919,-59437961758.663216,-405932664.3389299,-1344043.9026279466,4025.3250640969627,113.88273683289538,1.248307854344149
5,11,9.947338348656463e+17,-4.4124766652975405e+17,2.4301738002395356e+16,-216600702443872.84,-1890838497332.1384,-5955729244.643668,31689212.214197733,739227.6057595867,8413.148663400732,78.0167148082518,0.6548789754643195
5,12,1.7545290441435853e+19,-2.110236382874605e+18,5.997969653930806e+16,-374678571345725.25,-2667213800137.1113,-655786212.0867907,109461079.41369553,1231050.4250012839,9920.875553082866,70.18466367825127,0.4662122814765767
5,13,2.6965318114869936e+19,-2.842346970954614e+18,8.415728644084453e+16,-574035244742961.4,-3583619469039.533,-83969264.65062307,136584477.640489,1433534.255733327,10956.981989696196,73.90884372323737,0.4689288483133822
5,14,8.883343513574793e+17,-5.1453171280358616e+16,571732589937837.8,6730747660077.816,-14033347898.790789,-1051996724.7466027,-13316515.61556435,-49493.92105142851,1719.4758322078906,54.09981269952525,1.0567789988009428
5,15,6.844935748897039e+20,-2.369962989726167e+19,1.8791653337038458e+17,631326624129705.4,-3968741202927.991,-43209281109.66904,-170374054.1267077,255187.5849461496,10476.75256712767,111.74997197512688,0.9004267327455282
5,16,1.1239902920175034e+19,-1.7052911086244997e+18,7.256094458649203e+16,-607467952247161.4,-3333518150380.48,874124483.5601507,134343743.3122959,1397204.205323191,10775.260187727272,73.65919748709123,0.47391109597250025
5,17,1.0325193960267153e+20,-3.354036466449569e+18,2.086810184378185e+16,190399879470288.5,-384872970635.86646,-12922719013.89614,-85825653.1157909,-38061.49498973656,5942.204749354402,90.04992648728347,0.9486764136497278
5,18,5.889392116526193e+16,-1.2891553579832058e+16,577942859622485.9,252733538691.73468,-70801506190.80608,-1015795691.6637242,-6360067.710296464,52985.588346990415,2502.950596028209,52.71882053489446,0.8817676041483802
5,19,2.099233213216072e+20,-1.0709163910203912e+19,1.6375768496522582e+17,-358505603211469.2,-5850584585387.45,-17491250997.180126,80813289.66606192,1456648.5763233434,12597.906324498274,87.92762487643331,0.5556318567836981
5,20,-2.529694685765653e+21,3.86753182041858e+19,1.0646759904425875e+17,-451271183090542.94,-6436707375701.718,-39619568097.27925,-135321409.75073177,261360.07120207069,9631.840644626618,110.20265123486266,0.9734252531024089
5,21,6.867249070157334e+20,-1.961433859159399e+19,1.0716770380513914e+17,688925801542394.0,-796558876997.9657,-29246061355.495586,-186168533.27244022,-316036.7008337299,6740.665128676044,104.8003097634118,1.0352974130177606
5,22,1.0379218331761837e+18,-2.1119806283199786e+17,9876484064348450.0,-118593477669268.62,-615683070122.5021,2353125995.553978,64155676.23674781,716802.2909879053,6440.220002726176,52.83599014388771,0.41493469638524483
5,23,6.235260698171644e+18,-9.123039058430305e+17,3.6014103517959184e+16,-232950603555986.03,-2022624834114.9001,-3409187530.1911154,64773855.57567624,942674.8606017801,8847.976336445157,70.83793190411662,0.5240873226355496
5,24,2.6251221992914046e+20,-7.650476784658902e+18,3.168909717771675e+16,379558845997708.06,389358113057.12085,-14789946613.720634,-135257855.15826234,-417934.5710014193,4458.440347919626,93.82829790880679,1.0869152538483329
5,25,4.163363293846762e+20,-1.7376401873233347e+19,1.990279384217764e+17,79486707580075.11,-6316635682204.578,-36997492658.26131,-49351084.51121272,994639.8229832865,12644.802035027338,104.34376210867703,0.7291696529940248
5,26,7.269638278817631e+19,-1.0590936834896427e+19,2.9317552765382464e+17,-1588339428810599.8,-11339884234649.05,-23750090605.238453,136482609.9114382,1967951.8173906303,15488.220930439098,100.919242800792,0.5998896318388742
5,27,6.856677636552401e+18,-4.656695652892389e+17,9181917798857730.0,-15830884944019.611,-659264983838.2152,-3673506332.694011,10673299.262787253,448540.00900337496,6097.005169749672,63.95601566135283,0.5968589858784915
5,28,2.1909239072163328e+18,-2.0344894398916717e+17,5316609786658637.0,-16231609445813.62,-488977705273.2175,-3510714532.7762685,-3421581.577873327,277522.5094232083,5154.427095474744,66.9798905516415,0.7526962595526618
5,29,3.6883634887161184e+19,-1.664492669866396e+18,1.5749071188472402e+16,94403895096326.11,-494226432549.2629,-9423968945.267752,-57664865.518336385,32507.935452930662,5366.001535102136,82.91867559714849,0.9315505673149976
5,30,6.793368389236935e+20,-3.3009313326187315e+19,2.873960957383553e+17,858755899907888.0,-4878954927524.453,-53361114237.32439,-223559992.07248226,80182.98767908511,10434.310030389097,116.74671864714819,0.9513742608363699
5,31,1.7008668213501162e+20,-2.3765906247398978e+19,4.2911615369944595e+17,59246727040626.71,-10479729097163.994,-63201087870.02066,-152933357.03283113,790653.7698060096,13630.576322212699,119.29516136610694,0.8443494649070921
5,32,4.912904982312351e+22,-4.839118154076295e+20,-1.2726576177858975e+18,7117571735548911.0,72233763781187.22,262399722577.1047,-257187439.97222206,-9759781.302659908,-62712.89036749754,-68.42580323790241,3.3169843402319867
5,33,3.2373746604875097e+21,-5.453245566163142e+19,5.888673420439973e+16,1608885042811232.5,5303357245169.081,-18265478181.198643,-289861819.7024286,-1413951.1195856566,1570.7865455372953,102.5499793660098,1.2561357140668152
5,34,9.440973504215667e+16,-1.0970331007766686e+16,287470752382956.3,1432597542171.7976,-31473596662.64544,-704938303.5816957,-7093947.676212994,-2716.8738455702983,1694.9406011693052,49.215739231740535,1.0285801529325282
5,35,-3.782040669070016e+19,1.1157197754296227e+18,3460100230512293.5,-40233514260281.18,-675937451900.8634,-5634063894.7578535,-24254955.1488244,139734.84085149487,4897.885922717051,76.0329592947638,0.936845814485517
5,36,4.586211809834861e+20,-1.7251264634015488e+19,1.2062896640658813e+17,612312551093470.2,-1436629229946.5876,-30703365150.20085,-184039445.4122044,-308660.24893164134,6583.639553408778,104.4327473109514,1.0626587323033512
5,37,5.036977489196331e+17,-4.460553150316809e+16,1005862123145651.1,2484276480601.958,-106533866762.3945,-1496846372.210451,-7505375.8942019455,91554.42849350923,3139.887219473974,56.29462469813713,0.8189736658890618
5,38,1.3404185662537893e+20,-1.286736996736073e+19,2.7679067200943453e+17,-764588292827044.1,-9847933043494.326,-40155290144.54317,-19539665.64118274,1205488.897805105,13665.405663279329,109.73832243424884,0.7652343368746913
5,39,1.476335819414533e+17,-4.089936840608305e+16,3202713626729923.5,-86304748913054.62,307690260698.2654,7874330840.445501,78010965.19285175,639753.3041415868,4959.489752388508,37.79274680776696,0.28653269571837675
5,40,-5.884627012911613e+21,2.4050072628008698e+20,-1.301106337993967e+17,-5714347099521461.0,-33513226694233.8,-95261019985.8064,217554345.71396735,4959473.832179093,37500.42879885504,162.86768779162614,-0.07927476425132915
5,41,7.60372436471347e+20,-2.756198907005107e+19,2.7564084247810064e+17,171995223523578.3,-7866416511061.796,-41500175200.24566,-20790941.044432748,1329001.6488240971,14208.772126000611,105.0077490428998,0.6652267751264195
5,42,2.5694697276257403e+18,-2.933771131977116e+17,4919240948738700.0,21665871859006.305,-211606251746.88623,-3904607369.691764,-29669366.07399661,-24047.036905117395,3286.0815828472532,68.90648253282214,1.0135293259067377
5,43,-3.911131804501222e+21,4.4644243530018955e+19,1.7859920379874288e+17,-477579460768737.44,-9842571558895.885,-62561873999.196754,-163777018.48205444,1078060.2607994257,18072.830486295345,139.02063214132662,0.609031132402765
5,44,4.8128246974103904e+19,-4.120278049034814e+18,7.628861716025384e+16,13206615383602.477,-2913666481394.1504,-21267224660.833214,-60325680.090426244,440855.3461056417,8937.935584994046,95.87715286538483,0.8374535280352479
5,45,3.7479983033420376e+20,-2.0848994494296326e+19,3.698883369120373e+17,-1611084634456405.2,-9979760276611.867,-667716160.7354624,278976241.27029866,2444413.7781087863,15427.24099643562,85.73701765368449,0.44905303044058786
5,46,4.461716839018542e+20,-2.453911181471892e+19,3.4598465216218854e+17,62016813162143.32,-9267998996355.385,-54485595555.4921,-112926699.65312186,897801.2783187617,13480.948741122505,114.8924951127497,0.8064813125571136
5,47,5.240202277159533e+20,-2.5274319804192436e+19,2.698796267556099e+17,648001007946507.4,-4695393805777.575,-48199977323.62878,-210339653.7447436,-21455.800422360728,9324.482761039737,113.47896575554525,0.9899234143909355
5,48,1.414862943944575e+21,-5.961764653360089e+19,1.5666533381301386e+17,1760814844394882.8,5394146282833.436,-14629070856.308912,-274931408.6650992,-1591308.2082000854,-958.8390559476846,91.72396540033624,1.3528383713525105
5,49,3.208999826124278e+20,-2.1918379535680627e+19,3.5177763379624595e+17,-8164758643263.409,-9372935418018.434,-54704497468.63948,-119619864.22083946,840427.493835406,13261.93916782584,115.39690883681907,0.8229797865647114
5,50,1.7157548189896753e+18,-6.108139092394175e+17,3.5946033067504372e+16,-373351047210310.0,-1750142963344.3457,3644973660.6629095,112620775.3397338,1134874.1483094024,8982.6604219277,64.21758063622835,0.4363950992336792
5,51,6.936041662549565e+19,-3.4889345183329454e+18,4.5338418567172184e+16,60991420232834.586,-1947024163378.7915,-15369676695.748047,-34318018.21136099,503306.8444982655,8531.843008472455,87.67452891640356,0.7506884098774694
5,52,3.325677018893755e+20,-2.5073558919583175e+19,2.926123138588355e+17,380455500071606.5,-7166959393445.591,-51079011981.38304,-134369154.45595065,697511.3481653605,12590.190459961312,113.27267957780053,0.8203652031886794
5,53,4.065100708252909e+20,-2.4838497658127725e+19,3.212559650481436e+17,146303240536657.4,-8660314715306.763,-51758455925.40609,-99161395.71738797,956018.5229859278,13537.732876095628,112.90078397845399,0.7805558392908605
5,54,6.295187671316526e+19,-1.0991108569036005e+19,2.5570288221060006e+17,-172217325947708.22,-7459222921886.811,-44789171682.850716,-124794755.92606902,502799.2659106429,11077.349619157367,112.34097148328453,0.9174999373764486
5,55,4.364399082710877e+19,-5.514075393189986e+18,2.113756027471997e+17,-2173256788398692.0,-4654286491898.221,32502457780.716236,370043436.5388725,2461867.3816339145,13923.702575725185,73.55081492596638,0.37638543940681496
5,56,1.877154806967772e+20,-1.3516567141481218e+19,2.975404904288e+17,-1622255402426074.2,-8370226364826.616,5170732408.266348,278837027.1933472,2338118.090049263,14714.796864227212,82.57151873473302,0.4388781670977377
5,57,1.7657496664109253e+20,-8.919986126508536e+18,1.1122265616844952e+17,158673435039144.97,-3585298661259.7583,-28415735429.42761,-82342466.97460522,503588.91791497474,10008.124327114172,100.83395104695516,0.8206791959777462
5,58,3.783014814763866e+18,-2.942100652435618e+17,1199131397269943.5,30119634043481.906,199259659834.3886,-474615165.6662252,-27222688.55631938,-327160.5208167538,-1000.5845176405905,48.262880456309745,1.4598378483395054
5,59,6.198278348906891e+19,-6.447926909050983e+18,9.648812184247544e+16,127753697953938.22,-3101555771324.767,-25765149961.769966,-84432680.90180911,396955.1356382739,9292.054196190818,99.63275115846523,0.8507922207834976
5,60,6.608075687164946e+18,-2.066595557577464e+18,9.434961030908896e+16,-1001116427059304.9,-4344214106199.177,4320769926.379478,180178526.8723107,1676378.0513095113,12018.120709760224,77.34289819669573,0.470916109379965
5,61,2.4608935277528596e+20,-6.669454957184094e+18,2.25335455089319e+16,340304451819798.8,713340952991.7142,-11355305032.391645,-129338468.5842789,-540797.7426420592,3215.297688910252,90.54770317102482,1.1483545186054005
5,62,6.20368700780601e+20,-3.0520222422319915e+19,4.214725078119349e+17,-464530197712167.75,-12238802907206.502,-48697214210.120026,15831493.530633911,1665708.1899025082,15725.316873473948,109.14782240129541,0.6635236870694279
5,63,8.557975492169183e+18,-1.402581486006105e+18,3.0974397759081196e+16,89376097163092.97,-1262164081601.8816,-15900664798.57763,-86153016.21141729,29803.3289271998,6553.967626043181,94.25906504171826,0.9746074031200767
5,64,4.132770774162057e+20,-1.3974053186061216e+19,1.1353826560852846e+17,398906328230276.5,-3137786365617.027,-31411385109.55427,-102531304.11548816,478257.4002865242,10362.171188098711,102.98102872348679,0.8116506511639694
5,65,4.511571699722218e+19,-6.187500956708174e+18,2.3218758248923658e+17,-1403804631370973.2,-9559817913029.771,-19210049550.87357,128660215.1202607,1828587.4522785968,14661.698047920814,97.79735262984155,0.5958847111999235
5,66,3.5781687403899757e+19,-1.664244638266614e+18,1.560816553967469e+16,98118919448094.6,-514756409767.1946,-9578007535.642754,-55913804.399258144,61610.06740380632,5538.889162126255,82.55695000608432,0.9089965862064373
5,67,3.280680255917846e+20,-1.6298077887681303e+19,2.1860565664529107e+17,-120108757781563.47,-7108973127943.218,-33136192393.25618,833416.5951067677,1254684.9990107252,13219.295048424307,100.4047467904176,0.663465610396046
5,68,2.3653790515743228e+20,-1.917680368504171e+19,4.027399946858852e+17,-1077052134177450.6,-12405105467011.193,-35838323726.79511,91656965.69052294,1898655.2370134739,15754.659239525545,103.47367988249924,0.6094395502327417
5,69,2.3194949895339688e+19,-2.005327827349686e+18,4.214779412497999e+16,-6802694157286.05,-1924869327519.7073,-14494423244.706768,-41456041.607958384,374639.59470019065,7776.753109923952,88.82286234717965,0.8317248689271993
5,70,-2.271625373458498e+17,3.4082459395077576e+16,-1137707488464883.2,-6701269199016.734,26938255379.810497,1148465914.233159,18902238.768644664,252088.69346491786,3076.255045749025,35.84587554661567,0.40660135352444304
5,71,6.40163965427239e+20,-1.6435991425531689e+19,7.235054730864216e+16,666342454956294.0,-261673560290.5663,-26940344412.820946,-180656388.3506848,-289062.8558143238,6935.618663323205,104.65985799147722,1.0104681073846915
5,72,2.3900670507111154e+21,-4.651426394887676e+19,1.1842965098480357e+17,1455847622731874.5,1999144115235.8684,-33507828063.413246,-282169012.29951525,-849040.741684737,5511.332176840008,110.67708398729663,1.1186161064507185
5,73,2.979254560906264e+17,-8.360118058943123e+16,6036395617291508.0,-129463425574075.27,54862042639.53932,7862611805.412396,87958974.73442511,745059.9714437443,5758.0713505602125,42.99954216696224,0.316918784927328
5,74,1.6209459562794983e+19,-9.668653446674478e+17,9720150493166740.0,78662815799995.56,-25127510243.916775,-5448546028.882053,-59806089.54349748,-297532.3547531995,1898.4769615850496,72.56385566081153,1.21790278964395
5,75,1.671241341094284e+20,-9.82474630248281e+18,1.816847120918588e+17,-765565379588532.6,-6013187489372.428,-4379405347.637812,173556196.05688235,1806096.918091308,12924.096029561597,80.30031321014768,0.466881958126837
5,76,4.41737468200122e+19,-2.9115052485291643e+18,3.904413548255393e+16,121756793738702.19,-1138264422571.9216,-14821221479.131483,-80025949.5705592,24602.50755759387,6127.0477973545885,90.41635120207575,0.9674181832994102
5,77,1.0304067392151316e+19,-3.3430209289932616e+18,7.811144265151509e+16,-24518096283776.758,-2959860373322.8306,-20926790356.328907,-60283770.84736605,419754.65488909633,8777.578456854359,95.7933505428219,0.8496253777552215
5,78,1.3777880343489196e+21,-2.7495353330956173e+19,4.982809386732193e+16,876410064366586.8,2484936807427.243,-15026908843.510439,-199018723.91295412,-897106.134308755,2774.7589153643953,97.20061033874256,1.1840995039318145
5,79,1.4224446620758786e+16,-1464277942157513.8,32957053215947.062,331244382425.2801,-5348437820.651031,-182550844.6551942,-2241570.3922592727,7346.393267893234,1158.9503235369407,38.028324553354764,0.929604147580531
5,80,9.097165433898303e+20,-3.0466825312099643e+19,2.409150506025781e+17,702842803614225.1,-4624791661302.246,-48073115004.79088,-195548872.86458087,138867.229441902,10154.835295172687,113.75533256143709,0.9459665413864051
5,81,1.6704877324883368e+20,-9.054985149426206e+18,8.604220765424227e+16,339937337290202.5,-1727996571425.952,-25071141102.157196,-130912447.7588407,-19097.69723643741,7438.553691860999,100.73054965417408,0.9686489117695105
5,82,-7.28124716086021e+23,7.555502774780913e+21,1.7757489437844658e+19,-1.0290392100241026e+17,-995691642666042.4,-3713312092018.6206,935693020.7433848,110841323.68222868,787620.2715945604,1995.8234329789736,-21.914746076121073
5,83,2.443056291019683e+19,-2.762597117887734e+18,5.575673670139803e+16,-51752304502714.72,-2571891529125.2056,-15552017615.200693,-18288809.077596225,631351.1423510537,9107.845359153089,88.38347829748281,0.7323764456210293
5,84,2.925396098824947e+21,-7.810467043750258e+19,3.722387587531725e+17,2566359140127084.0,850291669038.7897,-68150234906.45561,-517642247.88563025,-1900011.9080194582,3119.2638625930185,126.50873774081307,1.4275793093864535
5,85,1.5445513343089485e+21,-4.385836544111376e+19,2.4141986642376925e+17,1324971648680737.0,-2339292299760.4497,-52085823865.40057,-271632036.0870295,-243457.26013543128,9406.390308598668,117.83569137610806,0.9932962479677709
5,86,4.1969277393462897e+21,-6.744976391152425e+19,5.299950456630869e+16,1900397473889822.8,6877211284492.756,-15660984758.295685,-313479853.9750513,-1681326.3475807528,93.76400162108195,100.23890512598251,1.3161147657242298
5,87,3.064922252500577e+20,-1.9315829363367264e+19,2.8336923450133165e+17,-185591207573703.5,-8218031772130.431,-44131327525.30731,-81854673.43021527,843253.1469494489,12434.989592224363,110.50245465145471,0.8235556491442201
5,88,5.440770275186019e+19,-2.504032854274431e+18,2.3511985283044064e+16,130842983865306.28,-678641961108.5463,-12078318388.99338,-69621499.65482946,44946.63488273418,5958.629586910623,87.00913212284678,0.9268873904575741
5,89,-1.445712255760652e+21,3.947978724246662e+19,-1.2368293675154122e+17,-1505403282160253.5,-6540696858987.684,-9312242374.95482,124559110.35752095,1633606.7277370722,13685.578695860082,97.52693024757718,0.6386657271271092
5,90,3.3415908475367666e+20,-8.88241811498626e+18,3.934943157483427e+16,420030672885709.56,-114693746470.60065,-19011440668.840965,-137383341.59085044,-236265.91575825107,6036.512730679727,97.59750409168548,1.0097054006560113
5,91,-1.4024249123906648e+20,3.667851551067772e+19,-8.56579218378017e+16,-1393104751540110.0,-7861056294517.915,-18852618413.26079,131689143.73039122,2198776.1758802077,18299.099089116702,104.24448401792873,0.29283886761196176
5,92,1.4782128351734704e+20,-1.1143461071096859e+19,2.4743414602582938e+17,-1034492369679590.2,-9952242333236.395,-31533810876.51307,50913604.108156644,1536644.5315878233,14397.540578588001,105.07108911469133,0.6841374991586027
5,93,1.1462964473402145e+19,-4.2125736976970414e+18,2.911700697065493e+17,-1228399417306679.5,-10756441678159.967,-39290800899.76807,-6743135.667882002,1269851.1316158816,13934.333421757297,110.73739747555275,0.7677135764927907
5,94,1.2860534420117262e+20,-7.435728399031331e+18,8.447344242161208e+16,222043824049505.1,-2496285226404.737,-24964527197.52362,-94499588.81488812,303596.9721295044,8853.289523295334,99.01200400215215,0.8631830702039965
5,95,1.8903242467008597e+20,-1.4396558446682118e+19,3.3158501698235424e+17,-1841031213441690.0,-10328587108073.377,-3072727648.011356,259252348.40887582,2369963.012750433,15484.820900925,88.84519178560576,0.4783272342236486
5,96,2.274428578492085e+19,-6.755132621720174e+18,1.8931815835356858e+17,66806732648173.54,-5169324963896.535,-38719371499.01271,-139155516.61826578,267907.4199074249,9764.225120918996,108.96257609802598,0.9346613418704339
5,97,7.391401904804191e+17,-2.4490130619427805e+17,9909004064630784.0,-60042691636313.3,-1021430972228.3599,-5556370760.563554,7002966.73007054,513878.23986197205,7236.864464553128,75.89518461895189,0.6943798153826504
5,98,2.7930351732483656e+18,-4.7799675976351296e+17,2.0461065631640944e+16,-168420783506855.84,-1371219125037.7432,-1677594274.6127248,56524334.91620236,808136.9467847927,7851.115877280449,65.98908807959101,0.5159946656117148
5,99,2.434278396964204e+21,-5.726595610908644e+19,1.0326783657353944e+17,2098971687226282.0,7702308014242.368,-18617939781.254196,-399963098.25082964,-2460430.0168120866,-3757.409990365115,100.5785928724498,1.5691402477509488
10,0,4.0246597796890496e+20,-8.578869893657846e+19,7.02497267440559e+18,-2.940509320667379e+17,6898272900968208.0,-90951579511498.77,588974584838.2214,-241433555.12006605,-21502390.539587922,124724.70196866746,-227.10046166709083
10,1,-2.0643561920183884e+20,5.35222043378e+19,-4.3787564832891653e+18,1.693278295043402e+17,-3530172855519157.0,40462269244151.52,-223814675968.70993,51446944.715197265,6188551.906569227,-30189.063097189344,48.33845487643049
10,2,-8.977791544010732e+20,1.4383715503267286e+20,-9.56586332581377e+18,3.4259459284803955e+17,-7131396209599949.0,85084284208142.4,-485625380775.3646,-360259820.05303496,21814157.74978913,-114482.76574008187,200.19333544922748
10,3,7.24164239767491e+21,-3.2283778432859153e+21,2.8399530260308702e+20,-1.0974604918656932e+19,2.209170884388238e+17,-2353642365932169.0,11047052406606.943,13818591269.216677,-392160207.4661097,1609817.0489304431,-2219.3508465649097
10,4,4.3737047984486126e+25,-3.1320267292824815e+24,9.37127249167434e+22,-1.5115935087337165e+21,1.3746314712276355e+19,-5.968564428768328e+16,-66225864027743.11,2255606483966.225,-11931686077.087103,28952347.728202082,-28119.562333536385
10,5,5.286193510286208e+18,-1.0935533142834495e+18,9.443306457871318e+16,-4405625021396028.0,119883965406573.36,-1904008230062.2676,16172166280.346912,-45319174.6905673,-308536.027319799,2608.537053370978,-3.8584610266603803
10,6,-9.604453516575305e+17,5.1341842491142285e+17,-6.868994211761399e+16,4038111052598416.5,-121907409188277.8,1988812297093.4067,-16358264269.49016,34649280.972232364,438274.6293311207,-3254.367792996077,8.213261249820848
10,7,5.90852400994957e+21,-1.1174777521403505e+21,6.344011965034267e+19,-1.6705555175001265e+18,2.343962519418979e+16,-172638847236750.25,429467972044.104,2913868612.0466323,-27245678.22256612,86105.36057652901,-99.38937003836413
10,8,4.658134193399446e+22,-7.943036479725524e+21,5.276694775920003e+20,-1.7550507662718798e+19,3.144970308272563e+17,-2970104284548806.5,11298473140924.107,34356435351.27795,-504980638.0951324,1825785.307033895,-2311.3667951429384
10,9,-5.036333869800625e+20,9.556248775009236e+19,-6.530020943960545e+18,2.201528954298262e+17,-4062241574068789.0,40668390683399.01,-170396568830.18613,-530194741.2058606,9136814.581146762,-37822.895526206885,56.6137521964021
10,10,1.301345745306299e+21,-1.957765090754993e+20,1.0371770514061271e+19,-2.7211454023732093e+17,3892321668760029.0,-28974444554027.57,62438085829.75161,660325459.525216,-5687287.204152215,17615.466890773423,-18.601255668298585
10,11,1.0470603866878208e+24,-9.73261451272901e+22,3.7258493024541407e+21,-7.577390522201488e+19,8.603748836816484e+17,-4741214272800136.0,-2621694620016.931,213746555253.64865,-1357552862.8301504,3821268.5919467104,-4228.289810428741
10,12,6.3977092308459e+21,-1.0871354980739116e+21,6.674084569782648e+19,-2.1004655387369992e+18,3.7886731872337656e+16,-394310394393723.6,2046437219415.1106,-200185892.0642299,-57048862.101879776,277264.4114996486,-432.3264654311544
10,13,3.2494336916055773e+19,-7.956938661759413e+18,7.591351390216759e+17,-3.845740199498496e+16,1151333662548621.5,-20921038905533.285,220869569356.09537,-1091591099.1587129,-915648.316679889,32230.74071694157,-88.39339020527191
10,14,-9033187135887298.0,2413085050767717.0,-257261134684369.62,14332744213304.732,-454298524927.5813,8328535230.509406,-86616995.51936765,509157.1682946602,-2081.105401055225,10.723123998393994,1.5154368547693546
10,15,-2.3689494249895254e+23,2.0033382231309426e+22,-6.998842642714545e+20,1.3140341517782772e+19,-1.411607081600546e+17,799440011031256.2,-924872446101.1737,-17586293795.677902,118271296.78565842,-318346.85241108906,330.20270633526417
10,16,-5.926767029775398e+19,1.078347044339391e+19,-8.127944117186762e+17,3.284917491631062e+16,-768298603659565.8,10365652438385.754,-71953772113.09749,102168141.8101603,1874844.2893958427,-11698.1272576676,22.745684830110363
10,17,-5.533692313171409e+18,1.080707504724767e+18,-8.64797640127589e+16,3653735322260331.5,-87463363749215.36,1175078113085.227,-7827922246.620156,7809041.30236033,219905.83140324446,-1265.6440448074802,3.7391280406731493
10,18,1.5395955281595783e+21,-3.587385030899535e+20,2.5224458333474615e+19,-8.365660589234898e+17,1.4915310196622796e+16,-143913017519553.25,612992183896.6807,976993386.7211885,-21906972.409871116,86402.22878161121,-115.17068306409261
10,19,-5.399042991948641e+21,2.2385221504278662e+21,-2.956492146664965e+20,1.5618719394074917e+19,-4.044083422782291e+17,5400974183027366.0,-32761453711475.133,-4197014545.239804,1153955927.5537663,-5692952.332155828,8954.241460950949
10,20,-3.373994100773958e+24,2.8784517009621468e+23,-1.0168426548098935e+22,1.923809713815354e+20,-2.0725333044101322e+18,1.1690628889094682e+16,-12532635965232.47,-267611455745.3698,1785240592.9616792,-4821080.442357464,5023.415209799644
10,21,5.537980306510985e+20,-9.293827076542156e+19,6.12391033393909e+18,-2.056353678600484e+17,3828653798175729.5,-39279008928515.91,185573690693.44757,153443489.66543984,-5940897.594824003,25075.48580620579,-33.69627812158206
10,22,-5.431474120905499e+20,8.779025504743088e+19,-5.461309034272229e+18,1.750879709096211e+17,-3183235149606812.0,32894483982535.734,-165600286345.22028,-29450447.791657194,4843247.126320077,-22703.84500010085,36.4119958756387
10,23,4.089270680392471e+18,-1.303851518981945e+18,1.488571448839901e+17,-8438777037530756.0,266736581716860.97,-4831616896405.348,47255863362.59499,-176142338.98270798,-734211.0640881585,8425.607846509376,-18.45486073822188
10,24,4.517591950081366e+18,-7.257051767057619e+17,4.874972950993148e+16,-1774160449241138.5,37723427082330.88,-465342758990.16644,2941276498.0895495,-3388816.9767828602,-68519.88975500492,382.8106539671537,0.9170697085441971
10,25,4.674893589716052e+22,-7.114757280412789e+21,4.216821323943502e+20,-1.3003499091526388e+19,2.2851194789960928e+17,-2254509818816814.0,9738316348865.98,26344627609.98092,-513728842.48345864,2260954.361913695,-3510.893690247702
10,26,3.131441379577217e+16,-1.249876804581706e+16,1698214546511531.8,-114310766657315.14,4295378285256.249,-92118964298.62764,1056181200.6963037,-4676314.6447394695,-16420.617915140265,220.16484980885087,1.006543687940325
10,27,-3.049262424037225e+21,3.834724504582454e+20,-2.014464812490393e+19,5.750377363200345e+17,-9636251381672788.0,93416668521097.23,-433614157487.41315,-370511746.5549781,14683457.29780638,-65414.30430466135,99.7509085695739
10,28,-1.9702245140006484e+23,5.056861948243367e+22,-3.081290784574457e+21,8.502062859187939e+19,-1.2309432520941627e+18,8927430497928602.0,-12979473024420.268,-291844729689.84875,2350420188.764157,-7501565.8823931385,9144.210522106103
10,29,2.2469699822559635e+23,-1.7399270464277426e+22,5.683477008665532e+20,-1.0107985953288542e+19,1.0353980968136088e+17,-554311716188069.9,415445978632.00824,13941684568.087124,-89701802.86318603,241707.13768012417,-252.9359064682017
10,30,1.4410123526787754e+19,-4.606091739428539e+18,4.4012566694246304e+17,-1.977791675233421e+16,477648332270230.56,-6332208925294.266,41419441046.14465,-44400992.44890732,-1053987.3516064894,5936.298796639632,-8.416808999091977
10,31,4.430157886479275e+25,-3.643997850207085e+24,1.1597915928476986e+23,-1.917970195004077e+21,1.7589325820379032e+19,-7.796319238030338e+16,-44617833316452.65,2440016665224.5703,-12758912977.55831,29968742.130240288,-27961.905733046875
10,32,-7.58972658922465e+19,3.4732481246099485e+19,-2.622079910118169e+18,8.79672948451158e+16,-1591022887976711.0,15915078387854.035,-73839893821.11559,-74083447.59550445,2551371.5487914486,-11082.649102127774,17.803462347876916
10,33,-4.984601216472522e+20,6.609810793240244e+19,-3.636567356523764e+18,1.0831511956278794e+17,-1889527815621541.2,19044778500020.434,-92205896273.18953,-69345202.48032513,3198166.120486304,-14632.23187171842,23.899461783931105
10,34,3.014056658693491e+28,-2.582840948226004e+27,8.975066996629243e+25,-1.6475766461847372e+24,1.675245640424582e+22,-7.873891426491538e+19,-1.3741191844773739e+17,4035910015132512.5,-23011039992252.23,60699591499.43578,-64123671.85129506
10,35,-1.1120258951103811e+23,1.3398965376060741e+22,-6.67381912602873e+20,1.7947081033425983e+19,-2.817807097773015e+17,2529631990877775.5,-10221716928479.457,-21511443862.808384,423647725.85841054,-1731474.0936757077,2477.8946945572475
10,36,1.0734003672069689e+20,-4.448918295155221e+19,3.6603302866232755e+18,-1.336633902445805e+17,2590709790627233.0,-27239837998194.85,129791118181.26521,145589650.74995035,-4675418.018548234,20005.993862054933,-27.1756059442341
10,37,3.6026863910853668e+16,-1.2616223276087932e+16,1746064565109665.8,-123343157346189.22,4786677923925.52,-102692676758.85132,1163445650.7586803,-5383920.785726412,-12066.40305360284,202.4588418585121,1.0379096796478045
10,38,1.21084135183441e+21,-1.9305457786519093e+20,1.2637258252002488e+19,-4.3955899339501434e+17,8746309794255551.0,-97846578627370.34,507164892625.2757,531402457.2123594,-20703732.572024874,96855.99137282219,-149.82640640387865
10,39,-1.2098143705501791e+20,2.8120849082623193e+19,-2.5630173730942787e+18,1.1924771284684387e+17,-3050358585525369.5,42534875091289.34,-287429981201.24915,321976769.2180127,7238696.192028403,-40158.34031161783,67.14090806620734
10,40,-1.50725468939577e+18,5.3575067982573037e+17,-6.405218889930455e+16,3662023658238061.0,-112029267273011.72,1865649031973.6072,-15383382855.715128,28632332.8278254,448599.45887716813,-3103.1906179621915,7.563887949785079
10,41,-1.880429770234099e+26,1.2513596218897272e+25,-3.539077630234465e+23,5.42747594670849e+21,-4.6159700799419335e+19,1.62644830916315e+17,705354236501736.1,-10875728474828.16,53591555441.28046,-128467471.95973457,125774.69822671414
10,42,-4.198615218251098e+22,3.546346539050414e+21,-1.2751022644699503e+20,2.524338587634017e+18,-2.932813441395504e+16,188201752953768.62,-380378140358.8262,-3392458964.4319987,28632829.108477928,-88018.55197628797,103.81127728851793
10,43,-7.424642369826229e+22,1.106097136990896e+22,-5.636509555818079e+20,1.4235645202838116e+19,-1.9849719025061232e+17,1489324385680995.8,-4080818141030.008,-21641593482.43419,218786958.2360217,-698850.4284751617,816.3524811159779
10,44,-8.752768330657525e+19,1.6275701594179043e+19,-1.2698107799833057e+18,5.396626572625816e+16,-1351568020231585.0,19929017152934.4,-156622318759.9249,364810739.7059218,3213446.9081050893,-23347.932029256775,45.32408091501886
10,45,-1.085464248496424e+21,1.4522432535244194e+20,-8.264420497351329e+18,2.597927413028329e+17,-4872464398681926.0,53983069595845.9,-303035234611.7705,48043949.09866726,9892202.15062513,-53031.399646193284,93.2510326249343
10,46,4.872407932128184e+21,-1.136291736935902e+21,7.063450108282514e+19,-2.0063297458011425e+18,3.0372012650443948e+16,-246117826673904.25,803966980750.047,2618518721.203414,-33169303.06349171,112170.20747128969,-133.98372547341833
10,47,2.1719768331124114e+18,-7.270703158376255e+17,8.659142985259339e+16,-4947354594474210.0,149551528314708.94,-2454451383762.3584,20293864034.439487,-47074041.4030639,-452307.230528941,3330.3308603960004,-4.924037242974645
10,48,2.8019839062188064e+17,-6.776376647676789e+16,5768751746290694.0,-217023880788199.1,3639430432320.768,-14301629846.417488,-307700055.9381393,2933808.308253888,9494.896060802996,-192.13191163291944,2.1214590646950717
10,49,1.9957206751405444e+22,-8.928744493757798e+21,5.219286350251253e+20,-1.3322788286144694e+19,1.80426551306362e+17,-1290260444088562.0,3210810829498.0137,19304936761.29515,-179362240.14998567,551426.1527190268,-624.2944512355826
10,50,-8.947955495991253e+23,1.1331014876420523e+23,-5.485071870382147e+21,1.3735233395874048e+20,-1.930586164865005e+18,1.428589592329322e+16,-25610252529731.22,-449925417517.9157,3970164050.4737067,-13620233.506988032,17833.30562662549
10,51,7.409891720502762e+19,-1.88499069097576e+19,1.5269436039839342e+18,-5.9315422532846104e+16,1255325539368127.8,-14713207226010.455,83785042923.59279,-27038338.214637343,-2354319.4472039114,11771.859166536278,-17.009764669300793
10,52,5.223153872007112e+19,-1.2959771219831001e+19,1.256767328002793e+18,-6.085441479398167e+16,1581800794147381.5,-22564286495749.38,162581067583.80106,-287905021.20956284,-3548318.043955033,22759.65488813881,-39.11878841393423
10,53,5.364535963331459e+16,-2.8481266799902756e+16,5195154307022265.0,-411298298378535.7,16144177447904.938,-327933694663.0504,3258894521.680809,-10460489.484673498,-63061.236145302464,562.2589293755952,0.38442563856861517
10,54,-9.720778705177697e+21,1.15791549886628e+21,-5.827550810990817e+19,1.6037774500218857e+18,-2.5917387685120116e+16,239603922244231.56,-991267438069.2013,-2250310019.1959033,44330800.34780411,-185681.8355440098,274.32522776907433
10,55,-9.648199580513547e+20,9.831435105066684e+19,-4.239252820723551e+18,9.991700555634678e+16,-1373779603655139.8,10495764748495.533,-29436103485.64479,-175250066.9514569,1845486.8241355724,-6225.259651376502,9.164368558554038
10,56,3.4212287720682355e+17,-8.14142042202097e+16,7812740321066645.0,-390386280314914.75,10991782793656.295,-175825316542.30063,1455305573.302415,-3083638.852312066,-42407.918722585244,328.25794599190044,0.8335455317416904
10,57,3.154947782903564e+23,-4.397167270076486e+22,2.1519924461401297e+21,-5.238038693008825e+19,7.070799382237677e+17,-5183523773421553.0,14289951459493.506,68945944766.8661,-715024844.473005,2307950.745316662,-2727.2781000263662
10,58,-1.8724563237160757e+21,2.5115771353858353e+20,-1.3594761331870837e+19,3.851090091238012e+17,-6160940044100608.0,54257242280245.44,-197992825374.2754,-636656284.5805861,9274696.534757389,-34547.55900705962,47.21495196154924
10,59,-1.8909086505184562e+23,1.4656812934928525e+22,-4.859276909696243e+20,8.865094032035327e+18,-9.352731382429307e+16,505144818501912.0,-62357835227.34753,-17957320563.07306,117512712.52910231,-336148.4587702082,381.42235561632646
10,60,-3.100718553688422e+23,3.6482540801413366e+22,-1.7397034795809707e+21,4.347728171709042e+19,-6.101199578055919e+17,4562982039229730.0,-10547732394413.137,-101172850789.13988,932764087.7407793,-3079055.2541746455,3805.850955911735
10,61,1.4263535834166365e+23,-1.9548620853737947e+22,9.259188255773962e+20,-2.184153475035109e+19,2.849909999488424e+17,-1971587407782211.5,4030593124886.1187,41255726629.70323,-351473891.588359,1099771.0260337766,-1296.9567908520846
10,62,1.532172783315645e+24,-1.438008928539783e+23,5.698247643833484e+21,-1.2280555787620273e+20,1.5131296786108777e+18,-9391235323916404.0,-628404548247.1837,465989714487.6161,-3445605651.5330267,11191000.735349653,-14349.68159055502
10,63,-4.5072549927267326e+21,5.3963009750486463e+20,-2.70159346475818e+19,7.324177364387354e+17,-1.1467148280165192e+16,96725845009012.77,-212544674492.87408,-3857536457.8865814,40457845.76675897,-163964.04109822452,255.80746565497512
10,64,1.8341535766920665e+21,-3.5452569583556814e+20,1.9073965696458998e+19,-4.470770793190919e+17,5018493104051972.0,-21460201460921.547,-59094972556.675255,687289104.963587,779166.9889397938,-19126.326902065288,45.68449966895378
10,65,-2.4312155409747685e+22,2.953708129286913e+21,-1.4699387687883684e+20,3.932269543814693e+18,-6.121063378299171e+16,541363882503283.44,-2086655609938.681,-5772426985.453529,97234407.05998167,-389721.8717752565,554.6697428189385
10,66,-6.24975994282349e+22,5.719367939410163e+21,-2.2320914415752564e+20,4.806785936214205e+18,-6.109803005676614e+16,438691604828551.44,-1212022807064.7576,-6069954235.688407,64943948.71551497,-218827.28825252567,273.1985631168329
10,67,-3.16799818375793e+22,4.762241032133463e+21,-2.7884967167075202e+20,8.302767438513109e+18,-1.3627887666743922e+17,1212453482226909.5,-4436336530217.49,-14111664757.584381,205244767.01370254,-760199.7500342063,999.8866331314811
10,68,3.1793068182153495e+19,-3.836892952199799e+18,1.8484731465046605e+17,-4551922683722280.0,60200253528475.88,-383758125171.7581,344396208.52965164,8251438.720016664,-24081.118265384048,-90.77674562751099,1.9069939491458845
10,69,-1.5325327373137075e+28,9.842151609935461e+26,-2.671808357150504e+25,3.919044468312691e+23,-3.193343126093719e+21,1.118159580451292e+19,3.5841257209243236e+16,-574993214467101.6,2681449047234.12,-6004608105.065396,5460278.163287074
10,70,-8.596640401765956e+19,1.2127689023775818e+19,-6.504854696143398e+17,1.7134353556067992e+16,-238649311100798.06,1647116435902.5774,-2926708124.564429,-26246703.2696577,118444.77658271701,86.3821411528591,0.7363803729779288
10,71,6.054883617692899e+21,-6.356061795171036e+20,2.828862199588084e+19,-6.92545107570826e+17,1.0027583537253094e+16,-83406719094945.98,301922501015.5137,878989333.8801072,-13753729.358200965,53695.52743353167,-73.5109898807625
10,72,-8.404917669470389e+21,2.0922594383335997e+21,-1.8765033501679986e+20,7.731597487896769e+18,-1.6173695623807107e+17,1783968846218191.5,-9100159730995.47,-2537649644.5365214,264040712.6427202,-1180992.7873670128,1727.8403333970484
10,73,2.476132175617758e+23,-2.470603772614346e+22,1.0412529347497693e+21,-2.411800523383138e+19,3.308671077762022e+17,-2619555527722365.0,9202189101767.172,22503305330.07348,-358332560.49836546,1349542.631038161,-1812.68328835325
10,74,-9.286903624191691e+24,1.066622555753894e+24,-4.59052668515625e+22,9.965417337788031e+20,-1.1805079673011024e+19,6.914148547300263e+16,-20890612865195.645,-2474013549550.933,16380431193.28523,-46427199.44799046,51411.74541179692
10,75,6.684905267418324e+17,-2.164034532553251e+17,2.381736713892012e+16,-1290736968519373.5,38787026176052.445,-660535863403.923,5917931046.237343,-17871848.698483717,-107512.40189909143,935.1183817276597,-0.3585524179543263
10,76,1.358017438581942e+25,-9.203993285331075e+23,2.6415154072711086e+22,-4.12587835013761e+20,3.658125357272437e+18,-1.555118685020164e+16,-17334865018864.783,574604620807.4559,-3006799905.736323,7235970.05468265,-6980.325609858118
10,77,-4.497481093550391e+16,1.041261554286096e+16,-986969273964765.9,49295582641469.19,-1388842674116.5613,21764320727.78165,-167545441.68884182,266880.84799952287,4126.502300231551,-22.88011685047053,1.5813978384541538
10,78,3.397335910624297e+22,-3.669306687728351e+21,1.5509410944529115e+20,-3.429847672549728e+18,4.3089633839411256e+16,-293762450413951.8,655490506596.6244,5151652660.419654,-45553203.067021914,141978.08385696512,-164.21113474982738
10,79,-2.2262001899117742e+25,1.7137316647576087e+24,-5.620704061875542e+22,1.003765430523642e+21,-1.0040524650797398e+19,4.388677486741171e+16,161528689401260.66,-3335120408889.663,19472671293.006638,-54589209.052386515,62245.316048764005
10,80,9.73106087381035e+21,-1.6865273079012068e+21,1.192771671513855e+20,-4.4784072243133297e+18,9.721389987682642e+16,-1227779315577388.5,8118279216102.567,-11741418118.249823,-194867683.90665892,1234569.4360691998,-2289.1384620613326
10,81,-2.9374785365061784e+16,1.1554399889966768e+16,-1735936102689273.5,128497608464962.64,-5056601414639.409,107881783320.91718,-1183510447.9229498,5020622.629413647,13061.048981861413,-171.50136332904057,1.9196368534421844
10,82,1.481139368871448e+25,-1.1734840323258995e+24,4.000349035332268e+22,-7.578971255449245e+20,8.489089255612811e+18,-5.260112465525484e+16,95998100610912.77,1022853821872.5157,-8347571502.308241,25727903.706539378,-30339.628133161474
10,83,-3.6010484184961894e+18,1.0764586649806289e+18,-1.216509036264571e+17,6584098806527559.0,-182534817943961.88,2678621551081.6094,-19285958604.73428,32584215.671716623,410904.19896120555,-2516.760388536353,5.8508267237517915
10,84,-4.9385185824992984e+23,4.92209879529403e+22,-2.0567264110834197e+21,4.644088818678771e+19,-5.980899148585725e+17,3953316955544802.5,-2587516573281.256,-166209264623.53094,1284294819.2783177,-4194394.437177371,5339.36127664102
10,85,-1.901242799084348e+23,3.1247755384680033e+22,-1.6130472535879338e+21,4.018595921251752e+19,-5.4664391796201837e+17,3940560960912995.5,-8986501914496.516,-78093144498.56955,706307991.1336769,-2272992.372698245,2745.825404970005
10,86,4.971748629916781e+21,-1.058206197650165e+21,7.125268963558519e+19,-2.2803608320537846e+18,3.9056465225163304e+16,-354733994866869.94,1275162580271.0583,4744056390.816122,-64244078.90584364,233976.7064183815,-301.62007430962143
10,87,-4.410503856883837e+17,1.843111542047196e+17,-2.2724081202893476e+16,1273395139719343.2,-37176555192793.02,586579972166.8088,-4657378248.171044,10640026.688921513,88810.25066260413,-620.8644734842204,2.6689554175099217
10,88,-1.0647817749535278e+22,1.1339241412771531e+21,-4.993098225734275e+19,1.1741507589997683e+18,-1.5722135664389254e+16,112844583826800.45,-238865962958.05493,-2577013641.4329696,22737665.812534403,-73569.77075886671,91.0659659268404
10,89,-9.385836810385619e+21,1.8802597211283736e+21,-1.386929020922122e+20,4.799099801854894e+18,-8.655039029206413e+16,812718528441696.1,-3101781006802.134,-8472485307.73893,128870453.24640414,-464032.8743848696,585.8959317791896
10,90,-1.1447292186853082e+22,2.4219573517842084e+21,-1.936690378386365e+20,7.801384656138793e+18,-1.73372004109307e+17,2128270809020997.0,-12563413628491.197,4303682390.000584,358971816.08888173,-1773424.6090829195,2728.12811536939
10,91,1.955035481436119e+23,-2.5550780007879235e+22,1.292583832131999e+21,-3.296907974856004e+19,4.6173015567173094e+17,-3426696780490253.0,8578410787594.732,58992601970.747375,-551337493.2713677,1735011.365355441,-2012.9790776928048
10,92,-6.0149483251772195e+19,1.1734548054307373e+19,-8.781515215086468e+17,3.3663168787805784e+16,-722810392683104.6,8675604942506.227,-50373366061.85494,7607487.153559021,1593400.130412094,-8095.701385271762,14.5996816677446
10,93,7.792117362348149e+20,-1.2834096857907516e+20,7.906191903364793e+18,-2.4349094423906342e+17,4134764016679627.0,-38466032705130.664,154984025063.0024,350149585.31225157,-6395438.594032853,25043.140529625198,-32.640757672861604
10,94,-6.459045107609719e+23,1.396075979853974e+23,-9.632859478118027e+21,2.8088145646372068e+20,-4.1047295694636713e+18,2.9942569689302796e+16,-62007768937355.234,-629818442704.238,5209600627.454165,-15643996.71959671,17582.400480135246
10,95,2.620675351062412e+21,-4.622823364858405e+20,2.6131525105413046e+19,-7.218385509983946e+17,1.0995668629034908e+16,-90513845982608.12,275045125873.23157,1587150076.9921627,-18029012.542337656,64759.52902025487,-83.74563035334621
10,96,2.5391182072872803e+21,-1.036681879752866e+21,7.363277150084219e+19,-2.2006894386843003e+18,3.408343749397416e+16,-279855376783913.7,927223582063.8435,2983131109.281785,-38625009.28867221,132710.42141517787,-161.6257606927112
10,97,1.0435897778434652e+23,-4.514795612305442e+22,5.453831651311811e+21,-2.7019638361293567e+20,6.44550532964326e+18,-7.759481357819072e+16,391625713058802.9,809523127386.1091,-19418857552.40429,86027963.34086552,-129909.4755329718
10,98,9.937039588008243e+20,-3.10792331765401e+20,2.373035061669728e+19,-8.151599690881261e+17,1.4730350341884624e+16,-137504981715422.56,397881250382.3664,4322350424.680546,-48074686.751495644,187760.96151513222,-270.18171654829104
10,99,-3.112964566012378e+23,3.5494399982653198e+22,-1.621843223132112e+21,3.906711891056776e+19,-5.365986525785403e+17,4047685848400240.5,-11257196274679.838,-63493250243.66239,667556907.830476,-2252534.648217506,2798.342341857739
20,0,-5.905219499509473e+19,1.325159409762172e+19,-1.1846067477878098e+18,5.603677038458852e+16,-1572430051326540.5,27677296090895.215,-312767243555.1697,2261006802.457165,-10083969.394166142,25221.945940936926,-25.473868523190237
20,1,-2.7784032036160914e+21,5.8701860493484556e+20,-4.591698481218472e+19,1.861480646320172e+18,-4.4635418455980344e+16,675478107180414.0,-6635426918136.937,42269090576.84407,-168610671.14598367,382980.0863271228,-376.68652193984485
20,2,4.4953071388803413e+21,-8.078977975942387e+20,5.903990562918905e+19,-2.326965531757117e+18,5.514791353927407e+16,-826673287913784.6,7991904099288.966,-49546700720.03859,189834102.6305495,-408589.07550218515,378.97078839323336
20,3,-1.2376871083067576e+20,3.3922358702684647e+19,-3.5499278725138964e+18,1.8677466338215606e+17,-5633942941544259.0,104636854851947.06,-1237085638636.632,9332285051.090935,-43466879.971544586,113810.79289958943,-126.47502498390682
20,4,1.9312686372104453e+21,-3.8256849740180816e+20,3.012860260636267e+19,-1.264784085996652e+18,3.1787232718576716e+16,-505786242390347.1,5212190373150.47,-34638432252.21212,143075042.4731116,-333669.39320206275,336.89076760992907
20,5,-2.8902926018397612e+22,6.355751209422558e+21,-4.854930657285832e+20,1.8351420332662356e+19,-3.979116755729584e+17,5347993340206100.0,-46189191536218.695,257283494676.30032,-894858776.00029,1769789.7711747254,-1519.4288408974255
20,6,2.588146355601244e+21,-4.4927066878364575e+20,3.0557395980795556e+19,-1.1029365934710508e+18,2.3822067561156144e+16,-326007471015295.25,2892085780446.8384,-16555420120.150904,58908762.42479314,-118288.5933158348,103.77967833255462
20,7,-1.8505137701457098e+20,6.491328263552343e+19,-6.703009293985681e+18,3.27848746140654e+17,-9002365367033743.0,150573557285656.7,-1591715643861.2878,10678249022.09334,-44044696.27285485,101807.60342966208,-99.33386030289341
20,8,1.9035293028192244e+19,-9.24985589849048e+18,1.1539673061650593e+18,-6.64105655212614e+16,2116624429558377.0,-40710250613213.805,491369415723.6692,-3742275001.9003515,17438309.861237545,-45339.366370363445,51.875714507247935
20,9,5.96033791054471e+21,-6.770403966470868e+20,3.230362304263252e+19,-8.551400027858764e+17,1.388340169295615e+16,-143418761233206.25,939636788898.9965,-3719566003.596734,7703310.967574158,-4393.765452414932,-4.684159083839262
20,10,-1.0217813305973884e+21,2.8316257523097027e+20,-2.8289223795803836e+19,1.3889203542454461e+18,-3.873457006365082e+16,661009773572135.2,-7139807341036.892,48941138446.04562,-206112277.59933975,485929.5742999572,-488.9847444562581
20,11,1.364825990822053e+19,-7.372085996252295e+18,1.1811349537896527e+18,-7.786639917528365e+16,2654783258471109.0,-52192793482889.88,623238427529.3739,-4585724920.4261875,20292445.698156945,-49487.29555364013,52.6198918117752
20,12,-6.508460083305734e+18,2.488876391067736e+18,-2.891269098914528e+17,1.571444294821757e+16,-471034227356659.1,8441168620988.805,-93947482503.01509,653290677.6742104,-2755331.872499278,6438.290238255054,-4.843951881353188
20,13,-2.468069039983162e+19,4.890936653512616e+18,-3.2670190276996416e+17,9094304449261968.0,-67234524588059.71,-1990172315775.634,54828164626.040794,-598233311.3571278,3422117.6587694427,-10107.081307642797,13.72033284281843
20,14,-1.9183037444970518e+21,5.084968954122332e+20,-4.653960431341603e+19,2.0346125200439555e+18,-5.037408301410194e+16,768479111438919.0,-7497372307106.319,46933588415.9845,-182430450.6845851,400824.7922396981,-378.80795533845054
20,15,1.9772489808053757e+22,-2.9917503268456366e+21,1.9014146930754077e+20,-6.689446592776761e+18,1.4468437829496662e+17,-2019171127519498.5,18507798774074.797,-110592601192.84097,414345294.80790704,-882927.498180534,817.4616491542903
20,16,-1.3962951831306063e+20,4.761210855470691e+19,-5.504590360181733e+18,2.96668659659674e+17,-8786802735759561.0,155605082351522.6,-1714654974462.7717,11840733736.793488,-49779323.62503425,116389.28941927367,-114.43927833065821
20,17,-8.846297873920739e+17,3.44805448140358e+17,-4.35461709837553e+16,2449098944117817.5,-72770373553614.84,1257691110613.6606,-13300959554.515207,87664345.85904922,-354664.5032263994,819.9950215076663,0.6986575636751421
20,18,8.272897446182646e+20,-2.0293551498961768e+20,1.657004719972745e+19,-6.785419808617453e+17,1.618439647236302e+16,-240666807789270.84,2293771576124.6147,-13983007450.831398,52595090.12753912,-110897.43002803603,101.5481458654322
20,19,2.3377154665577588e+20,-7.2666490525507535e+19,7.952567866252631e+18,-4.059765912438708e+17,1.1493278627178956e+16,-197038548366637.2,2129099663022.2617,-14581032799.64574,61353119.74551702,-144593.49377776976,147.53985728566516
20,20,-2.003389328261485e+20,6.467329443201512e+19,-6.897984355112783e+18,3.5700996957007443e+17,-1.0393007332518492e+16,183926213181124.6,-2053171841083.2417,14526179621.170023,-63137316.92292998,153707.7602603035,-158.8090782824415
20,21,-1.3524034089868861e+20,6.1671396438297805e+19,-8.338330272549773e+18,4.7241918716985555e+17,-1.4261002855866044e+16,256831608098167.94,-2902190346227.664,20788893861.547424,-91714802.18579727,227427.736972832,-241.06367720099777
20,22,9.940117033319404e+19,-3.114944187589916e+19,3.4476123861115453e+18,-1.862114003478835e+17,5638512115599629.0,-102913942134254.38,1172739769195.0017,-8384739304.411066,36496632.79528168,-88289.18581792935,92.47081569451692
20,23,9.41849359806302e+21,-1.227088121996734e+21,6.8612675422975934e+19,-2.170716328075532e+18,4.311613327509439e+16,-563146528678403.4,4910536415964.756,-28296282344.542156,103358233.37954459,-216561.18544560755,199.5795906344935
20,24,6.710206931869204e+21,-1.0708752482778386e+21,7.167446112781489e+19,-2.6555404760824627e+18,6.061970434456513e+16,-895636919977045.4,8716633254020.623,-55425176789.92574,221243028.73259673,-502426.6975029919,496.0218807011384
20,25,-2.4258362866387937e+20,6.454690674001073e+19,-6.55269059037675e+18,3.3717766358530605e+17,-9994079795024394.0,182395020755400.16,-2113277124193.8682,15563756253.116257,-70484917.73212011,178752.64986430158,-192.50808898872197
20,26,-5.750158118081696e+19,2.6134592679244505e+19,-3.4767252551218995e+18,2.1032026162738688e+17,-6933586704950060.0,136680502316286.7,-1683452765651.2039,13062942147.697134,-62018576.49152679,164425.8712467666,-184.80496917842976
20,27,8.384503130174309e+20,-2.3248300070615872e+20,2.230906212373615e+19,-1.0596589190734331e+18,2.882827913149977e+16,-482299709305836.2,5121660580161.842,-34576224209.51978,143590514.30974165,-334139.2846809849,334.72721257873934
20,28,2.8611352125627527e+22,-3.8566941544398544e+21,2.2218637928162116e+20,-7.213331687782249e+18,1.4644721311086595e+17,-1948011660046526.2,17243848356766.63,-100598049667.24435,371199602.66554457,-784379.7522531963,724.1112637775934
20,29,-4.330740395005802e+19,1.6692233300120805e+19,-2.2216083409195372e+18,1.3039876513079979e+17,-4076165787062304.5,75192778774584.67,-859908987457.4994,6164827456.637366,-26951051.459566604,65643.9138950733,-66.69909717672313
20,30,1.3801065671520886e+21,-3.731906947270517e+20,3.5857954704819937e+19,-1.70746284599514e+18,4.6340200395122664e+16,-771000684211655.9,8134251997618.071,-54574347916.17893,225459218.6903111,-522604.77695686807,521.3984421868107
20,31,-2.086361460278844e+21,4.1235725912989657e+20,-3.2462596124634284e+19,1.3523078441736458e+18,-3.3416651975071452e+16,518694283543330.7,-5183857480489.908,33276156547.20795,-132428530.90581483,297149.58824496774,-285.6353214151728
20,32,4.826304729049627e+21,-1.0001675525194555e+21,7.351542817608764e+19,-2.803249052431141e+18,6.39601919348044e+16,-931525974330714.2,8879299091663.209,-55147467475.157135,214838454.3792042,-476176.19659069617,459.17220697498817
20,33,7.164373125931776e+21,-1.5573680476394708e+21,1.2571303018076494e+20,-5.17162326490564e+18,1.2406561957052632e+17,-1857467048793847.8,17883632538445.77,-110738775983.686,426141349.8022409,-927106.7438681619,872.5826931434797
20,34,-1.5930421622972796e+21,2.538150440711053e+20,-1.6875907480847895e+19,6.250013531648453e+17,-1.4397449946818114e+16,216799394370340.38,-2170540039342.9426,14315166810.8913,-59685303.56757513,142384.1624547458,-146.31901769475388
20,35,-2.737928248735163e+21,4.2404794439258794e+20,-2.7496812765363896e+19,9.856476767106312e+17,-2.1725125587187456e+16,309245822227630.56,-2894198776937.925,17675824420.808144,-67749901.91978937,147834.8680060557,-138.48866318136666
20,36,-6.26769869354228e+19,1.2013937218103472e+19,-9.301967880480792e+17,3.857849739780947e+16,-958457498444967.1,15045672819218.146,-152376772647.5216,989688836.2107509,-3965130.0923551815,8881.145558250906,-6.921575557957091
20,37,1.7629085505957723e+23,-2.145667589521631e+22,1.0994349071556785e+21,-3.173627070152569e+19,5.768737985735818e+17,-6940980892807545.0,56218855746643.71,-303609597595.3672,1048821312.9400325,-2096947.2521912758,1847.2137798555646
20,38,1.4200143443537646e+18,-4.962817591096136e+17,6.769732828900459e+16,-4753852166147102.0,191624469909571.72,-4681525391180.551,71115572258.61066,-671825341.3201402,3820219.5559967463,-11917.876185932646,17.158096616512054
20,39,4.237978118570506e+19,-9.999802464990634e+18,9.48069171811709e+17,-4.7923290707979624e+16,1444949636600379.8,-27436724381033.59,335411198558.89124,-2627663751.6432476,12707578.34140026,-34433.60123066943,41.41234470755571
20,40,-2.5204215411068187e+20,8.909800581050427e+19,-1.0238147207408175e+19,5.5955853828932576e+17,-1.6931548045187826e+16,306221652315957.94,-3437265841783.615,24118143773.71448,-102840852.92271839,243635.18360037715,-244.36185091475605
20,41,2.58385281353969e+19,-6.687566215459073e+18,6.718425060626701e+17,-3.4872433563166776e+16,1056350746297391.0,-19857501711103.38,237877685030.89453,-1812641022.376665,8481252.658872213,-22156.342986989494,26.22951605351252
20,42,-1.3620378720669804e+20,4.002978650947027e+19,-4.093330011479747e+18,2.00719077129265e+17,-5488400490069999.0,90423380703342.31,-930045393519.6866,5994633738.499736,-23458637.946125943,50797.38243379663,-45.00018906668112
20,43,-1.8822690642844028e+20,5.470785974106408e+19,-5.856225495731181e+18,3.148613849516012e+17,-9663471851583974.0,180948639270175.12,-2133444063598.673,15881525032.191566,-72326233.82524967,183789.42638976613,-197.95366438803973
20,44,5.552539058485347e+21,-7.961159615877162e+20,4.889817718045486e+19,-1.6939771843657426e+18,3.667739229639185e+16,-519346009588616.7,4881101198457.186,-30146717096.703392,117432981.08416039,-261266.62343283484,254.3225458773269
20,45,1.6018331936846263e+20,-6.778756235600341e+19,8.377888413358995e+18,-4.796061969818679e+17,1.5102005072415484e+16,-284834111575627.3,3349455459043.1313,-24726137187.81741,111261701.50895867,-278628.8397593334,298.9880210309157
20,46,-1.1365611101044035e+21,2.740746135185898e+20,-2.461935160559207e+19,1.1310971679490903e+18,-3.017918052759889e+16,498423271801398.56,-5243158685330.744,35135573463.84869,-145026388.15579137,335734.8359176453,-331.73999844278825
20,47,-1.8697011987058453e+22,3.3672297004593237e+21,-2.1833424414402337e+20,7.394920079875178e+18,-1.5053853708283933e+17,1963143127446077.2,-16811310582048.896,94123894744.18813,-331770857.6071595,668025.4083340538,-584.2210516182803
20,48,9.498731418031357e+20,-1.8384229370624318e+20,1.4510335924238019e+19,-6.168085977907017e+17,1.5792345236948948e+16,-257091931433758.47,2719449862674.63,-18595512412.279392,79160881.67891963,-190426.93391753003,198.97799033183986
20,49,1.7034293053578232e+20,-7.289276407858121e+19,7.596074905782068e+18,-3.6717647969296134e+17,9969275031704414.0,-165216097398140.06,1732288904129.842,-11529907634.641546,47179596.57534103,-108159.70449394065,107.80013174768153
20,50,1.0392004261364552e+22,-2.3954027565155594e+21,1.6963459098953456e+20,-6.066195849084416e+18,1.2925477184266458e+17,-1762906162304704.0,15824674361454.463,-93202393220.3297,347014175.2436693,-741264.7566971859,694.1474709425086
20,51,-1.1057648609873464e+22,1.4663552702242845e+21,-8.330712505741255e+19,2.671244783006974e+18,-5.359916518958603e+16,704503945193781.9,-6157429119983.323,35431590182.77017,-128841949.09823564,268157.8018088381,-241.74628825468506
20,52,-6.281676687207717e+20,1.4930393357297356e+20,-1.4356293261552153e+19,7.383957401215816e+17,-2.260803275709961e+16,432778511634999.4,-5272843045617.832,40610850477.84385,-190588401.00859097,496023.57396948145,-546.2975359161605
20,53,-4.0350135017134555e+20,2.0647236503894717e+20,-2.8123509284679225e+19,1.5990428163093635e+18,-4.770531545203028e+16,837551366065336.5,-9129804646768.285,62591880413.588104,-262741181.2783331,617201.2238977033,-620.1061494555524
20,54,-1.301126575471372e+19,4.400388058687997e+18,-5.1485738847612614e+17,2.8182982055903796e+16,-847675781254781.6,15265713059007.018,-171500682877.96982,1210602012.5152128,-5213179.822188455,12501.807417265209,-11.239370298083763
20,55,9.322780304983689e+19,-2.2111693330012504e+19,1.9425548623823918e+18,-8.66067661569899e+16,2231929475611508.8,-35538258989173.53,360452217079.59454,-2332184625.4404964,9318541.715858685,-20962.585416039732,21.8702185667412
20,56,-6.297929139407263e+19,2.5449929766399594e+19,-3.3193552864068797e+18,1.9811823924559114e+17,-6435629023984742.0,124407138962830.52,-1493187384156.0432,11219155993.443941,-51280695.792396925,130263.40291959497,-139.36421913952105
20,57,-2.8181548804256268e+20,5.921873786090236e+19,-5.086016880289781e+18,2.3681490011214307e+17,-6670413100603412.0,119664744078676.12,-1394386069946.7349,10486958765.267546,-48995544.46639264,129066.64730614726,-144.6982084687433
20,58,4.718182220342633e+21,-8.609069470578424e+20,5.956179186598796e+19,-2.1863839770925645e+18,4.845361652747728e+16,-687800976217399.0,6396951253975.528,-38773968382.95039,147432746.90647534,-319068.44971975725,301.1936745545735
20,59,1.7891994826134743e+20,-4.225748948531408e+19,3.63187336446857e+18,-1.587028707009427e+17,4033834483963089.5,-63677967156219.266,642722129408.2452,-4150960331.6826715,16603170.100692727,-37495.40284528291,38.141273615657
20,60,1.4718473537848375e+23,-1.797990723731333e+22,9.452323500629669e+20,-2.8187492576281862e+19,5.29073070858194e+17,-6549182056357954.0,54309644207493.1,-298798958828.3035,1046690647.1427174,-2113337.5179198254,1873.3563889780964
20,61,4.6753935643997884e+20,-9.586326021985155e+19,7.804908780721668e+18,-3.350768192572772e+17,8506159243979647.0,-135135164864874.53,1376589769073.5024,-8969365792.172094,36086396.37600682,-81551.325192478,80.6444007902475
20,62,-3.9596234715553516e+18,1.4336730529089375e+18,-1.9631224721263318e+17,1.3441962019550018e+16,-517422355070718.3,11896754937913.219,-168327066733.11395,1471192088.0340204,-7712114.128498271,22164.20469012865,-25.244874777017134
20,63,-4.031547639470876e+19,1.0174470161694982e+19,-1.0068765615839081e+18,5.227245367827079e+16,-1600924404263554.2,30605193766920.42,-373747109009.9184,2905531503.426775,-13874837.079860939,37019.335108918094,-40.625792075750184
20,64,-8.252532230130303e+20,2.9604082037192026e+20,-3.727469054947112e+19,2.0646377528529636e+18,-5.99709205587396e+16,1021072544345173.1,-10772559414726.39,71454883331.46236,-290349402.0524699,660810.2117352651,-643.9049401489788
20,65,2.5133478484501234e+20,-9.225573931405923e+19,9.692684852909865e+18,-4.854208050728495e+17,1.3847471585573774e+16,-243797817090610.7,2740210760202.8364,-19690590883.69258,87465823.69700174,-218602.14337938445,236.47231080904163
20,66,4.4621395764432323e+21,-7.95498832444971e+20,5.7791260907744166e+19,-2.2740549342974162e+18,5.413688270057868e+16,-821521927247665.9,8110655358224.214,-51801393510.72657,206085521.95885956,-463602.835365868,451.40083558704293
20,67,-1.3989343010124199e+20,4.418575675592525e+19,-5.150477528560502e+18,2.9254053220684634e+17,-9318198972144648.0,180096254863642.94,-2193689794917.5542,16928589510.050701,-80239019.8898484,212985.8831599215,-240.67293384832328
20,68,-1.7990603100482665e+21,3.155054354523717e+20,-2.258482678296685e+19,8.749498942672831e+17,-2.0560914428401704e+16,309589104698245.44,-3051843265286.4155,19586697043.032787,-78772258.25907364,180083.14021051957,-176.82936255913313
20,69,-2.451459478989631e+18,1.0973591913229987e+18,-1.6546432378586736e+17,1.14966591108104e+16,-437524294980266.4,9951516969147.041,-140688151136.2555,1242226359.7016225,-6638542.356821469,19580.940910053858,-22.858761999482276
20,70,4.329695326159857e+19,-1.7147003617242276e+19,2.3475854381038336e+18,-1.5297218600145018e+17,5490127741506609.0,-117030534116343.95,1537854340183.7488,-12545307050.600924,61776621.13695011,-167951.84062567967,194.95856411566754
20,71,-1.4758345391084625e+22,1.8701136816281564e+21,-1.0051139272537398e+20,3.020657070848369e+18,-5.6354287232034504e+16,684028921335992.6,-5487345314771.733,28809573367.846672,-94981067.88494061,177955.75269892433,-142.60083354540842
20,72,-2.506434977173354e+19,1.3785592170542615e+19,-2.211944344207888e+18,1.5022582970738416e+17,-5225293266598703.0,104601646532632.62,-1278021893750.9001,9692511093.046787,-44544192.13346869,113605.67094178007,-121.82752392697725
20,73,2.165770265549809e+21,-4.961617441701536e+20,4.31339561563583e+19,-1.8913533950168896e+18,4.794658467048936e+16,-753803913658429.8,7581155830363.854,-48798082684.60995,194293974.19725534,-435435.1713472866,421.2432883559166
20,74,9.863630401480987e+18,-4.3878255790970516e+18,5.914146610363452e+17,-3.5141090551106676e+16,1103094799776460.0,-20203540563956.582,226977607128.33215,-1584473338.4211948,6697559.846770607,-15684.847900327546,17.152631621600147
20,75,2.974617557025077e+20,-6.0662187969908195e+19,4.791866435164312e+18,-1.981971711275656e+17,4849507225621090.0,-74550506409367.55,738911312708.0116,-4713282398.224881,18682714.188136604,-41861.8683829881,42.05449792400573
20,76,-7.043554344130465e+20,1.7184476705451193e+20,-1.6052601106762461e+19,7.745595271893617e+17,-2.1790423125927784e+16,379956898444844.56,-4223493280742.0356,29937247694.584377,-130867308.62167059,321268.4369104087,-337.0839653224473
20,77,1.6377229952943362e+19,-6.818781761097004e+18,7.632825554241837e+17,-3.74676038886582e+16,981990436584866.9,-15028158193870.947,139536159313.58725,-786928845.9654008,2589359.4952024785,-4445.804823101508,4.4596699826700625
20,78,2.053876984339319e+21,-3.7901058878765374e+20,2.855836792641818e+19,-1.1611077973178957e+18,2.8455389464733116e+16,-443409906899122.1,4489717679060.545,-29404622440.3043,120045383.77621724,-277500.6366192268,278.7475674732098
20,79,2.250648761976945e+20,-8.688753656658189e+19,1.0010699253930942e+19,-5.359369377390092e+17,1.6007013731250902e+16,-290714611726291.25,3335225780873.6475,-24274155550.98333,108568440.50273512,-271930.41802703054,293.28143816873023
20,80,-2.301509626334092e+22,2.9857452203306165e+21,-1.6599725841963313e+20,5.226349893704337e+18,-1.0347865946520149e+17,1349523171564236.2,-11767128972648.068,67887454513.824615,-248545192.2171454,522542.3451900268,-478.49079470581955
20,81,2.8913936907766175e+18,-1.442360330480225e+18,2.3098761092125386e+17,-1.7142629429965966e+16,685781655300277.2,-16098619841282.943,231714029638.78134,-2065607658.3803716,11095095.275381293,-32814.92690473038,42.48647125254525
20,82,-6.719722903785028e+22,8.436986286477948e+21,-4.5620004767992395e+20,1.4052705986882136e+19,-2.7405505809498224e+17,3545702016464365.0,-30895264458740.348,179396363390.7505,-665550996.2549378,1426837.9808013204,-1342.6354223847777
20,83,-8.419683081453904e+20,1.5199443986078047e+20,-1.123908845943448e+19,4.500874012673464e+17,-1.089478389170242e+16,167949744819928.1,-1683129651338.1902,10905580139.815548,-43997442.14703463,100348.90177329438,-97.17634832802221
20,84,2.5022249497520698e+20,-5.8286791709217415e+19,5.17986608808039e+18,-2.3716019382771853e+17,6334445701055258.0,-105050234405403.36,1112108835152.0386,-7511892607.541838,31289269.72646389,-73154.92811045973,74.93276981566734
20,85,-1.539123730570273e+22,2.2888543774792407e+21,-1.4492355981148216e+20,5.185574386640606e+18,-1.1674369153004968e+17,1734738956590531.8,-17283251011635.416,114287370654.17352,-481056573.7772356,1166018.9723829252,-1236.378701709493
20,86,-9.427776755513596e+21,1.3747594642083275e+21,-8.459634870671476e+19,2.897412128557294e+18,-6.135785848936334e+16,842776010485321.1,-7636614526353.568,45272713193.747826,-168758980.0196916,358570.42721412383,-329.4030765896637
20,87,-1.0845655051509362e+20,3.390674372140355e+19,-3.7023759516010844e+18,1.9698884771310384e+17,-5873013962630520.0,105662963664122.53,-1188860480612.2786,8406190902.50972,-36233704.533698015,86885.91845671373,-87.21406119684241
20,88,2.8580546681146817e+22,-4.2232608217470216e+21,2.5356753572636603e+20,-8.31884797119589e+18,1.6756307670391862e+17,-2187856374126751.2,18899325060578.434,-107297577440.63554,385023637.15296596,-791709.6521225487,712.3362993111044
20,89,2.5757323280175073e+22,-3.974925634622014e+21,2.503347358953018e+20,-8.70288781528265e+18,1.87606543241892e+17,-2643233492737064.0,24797321837089.86,-153630122931.86008,603649636.2749625,-1362258.2384951226,1345.5835753795643
20,90,-2.263153019258447e+21,3.9963148328273196e+20,-2.8561812206897795e+19,1.1130869306041372e+18,-2.6552624004458984e+16,408941975148717.5,-4147216313329.5747,27501148761.678658,-114656298.58646475,272456.86693753075,-279.623819027794
20,91,-9.372210104476289e+19,5.099769729735952e+19,-8.195331399555172e+18,4.996251172584003e+17,-1.5315950780114052e+16,270155747729416.1,-2918653032734.7085,19655405752.314445,-80548668.17461814,183911.88875619633,-177.92048857000609
20,92,-8.5935426360922e+19,2.596824568022041e+19,-2.877778027765731e+18,1.587477776251168e+17,-5020114742867191.0,97694684697092.73,-1207077570133.6494,9476255386.35827,-45694176.20445339,123150.96071693678,-140.1761246573399
20,93,2.049037985760319e+20,-6.8520765934723826e+19,8.302672337241519e+18,-4.9431090541028026e+17,1.6503542334455074e+16,-331772828354908.5,4159371508630.198,-32683819117.886467,156216001.15591297,-414660.4850931537,469.8792548104957
20,94,-1.4672198132880058e+19,6.238596931791277e+18,-9.527451354400641e+17,6.7404844431790376e+16,-2473057905568657.0,52026874150558.15,-663303588553.6572,5208785627.019842,-24598305.30025174,64001.8519148646,-68.8899820932926
20,95,-1.7602107866538273e+19,6.09200608707494e+18,-7.906360611433732e+17,5.182124294427056e+16,-1942863253424286.2,44458222538302.23,-639783809496.2312,5797917182.650357,-32030970.640253913,98340.57246442606,-126.8785285174936
20,96,7.934109370101716e+18,-2.2906893737183053e+18,2.5419148419765994e+17,-1.486826052061742e+16,519707965315922.8,-11522569783105.643,165998816748.38028,-1547407358.2803805,8985134.007354764,-29443.559992785154,42.92214188459126
20,97,-3.2801564622995018e+19,1.129470320523307e+19,-1.3111181066112276e+18,7.1996675371214504e+16,-2179821059814079.0,39505000197438.875,-446117213455.6076,3161909441.0829644,-13659500.62916325,32840.605254378315,-32.1122074294257
20,98,-2.1658653059712693e+20,4.859937129644674e+19,-4.323245939101802e+18,2.028337674746421e+17,-5631230972418212.0,97827595394571.72,-1088122726272.7415,7720451593.380566,-33708488.60481177,82367.68189825657,-84.53754218473233
20,99,-2.834597809631928e+19,8.741601215360072e+18,-1.0137784559440975e+18,5.8878073080579144e+16,-1941399561616241.0,38835518537544.86,-486838333446.01776,3838092469.48355,-18445409.667878345,49286.80058752533,-54.49514146242153
